asciiname,population,location
Mumbai,12691836,"https://www.google.com/maps/?q=19.07283,72.88261"
Delhi,10927986,"https://www.google.com/maps/?q=28.65195,77.23149"
Bengaluru,5104047,"https://www.google.com/maps/?q=12.97194,77.59369"
Kolkata,4631392,"https://www.google.com/maps/?q=22.56263,88.36304"
Chennai,4328063,"https://www.google.com/maps/?q=13.08784,80.27847"
Ahmedabad,3719710,"https://www.google.com/maps/?q=23.02579,72.58727"
Hyderabad,3597816,"https://www.google.com/maps/?q=17.38405,78.45636"
Pune,2935744,"https://www.google.com/maps/?q=18.51957,73.85535"
Surat,2894504,"https://www.google.com/maps/?q=21.19594,72.83023"
Kanpur,2823249,"https://www.google.com/maps/?q=26.46523,80.34975"
Jaipur,2711758,"https://www.google.com/maps/?q=26.91962,75.78781"
Navi Mumbai,2600000,"https://www.google.com/maps/?q=19.03681,73.01582"
Lucknow,2472011,"https://www.google.com/maps/?q=26.83928,80.92313"
Nagpur,2228018,"https://www.google.com/maps/?q=21.14631,79.08491"
Indore,1837041,"https://www.google.com/maps/?q=22.71792,75.8333"
Patna,1599920,"https://www.google.com/maps/?q=25.59408,85.13563"
Bhopal,1599914,"https://www.google.com/maps/?q=23.25469,77.40289"
Ludhiana,1545368,"https://www.google.com/maps/?q=30.91204,75.85379"
Tirunelveli,1435844,"https://www.google.com/maps/?q=8.72742,77.6838"
Agra,1430055,"https://www.google.com/maps/?q=27.18333,78.01667"
Vadodara,1409476,"https://www.google.com/maps/?q=22.29941,73.20812"
Gorakhpur,1324570,"https://www.google.com/maps/?q=29.44768,75.67206"
Nashik,1289497,"https://www.google.com/maps/?q=19.99727,73.79096"
Pimpri,1284606,"https://www.google.com/maps/?q=18.62292,73.80696"
Kalyan,1262255,"https://www.google.com/maps/?q=19.2437,73.13554"
Thane,1261517,"https://www.google.com/maps/?q=19.19704,72.96355"
Meerut,1223184,"https://www.google.com/maps/?q=28.98002,77.70636"
Nowrangapur,1220946,"https://www.google.com/maps/?q=19.23114,82.54826"
Faridabad,1220229,"https://www.google.com/maps/?q=28.41124,77.31316"
Ghaziabad,1199191,"https://www.google.com/maps/?q=28.66535,77.43915"
Dombivli,1193000,"https://www.google.com/maps/?q=19.21667,73.08333"
Rajkot,1177362,"https://www.google.com/maps/?q=22.29161,70.79322"
Varanasi,1164404,"https://www.google.com/maps/?q=25.31668,83.01041"
Amritsar,1092450,"https://www.google.com/maps/?q=31.62234,74.87534"
Allahabad,1073438,"https://www.google.com/maps/?q=25.44478,81.84322"
Visakhapatnam,1063178,"https://www.google.com/maps/?q=17.68009,83.20161"
Teni,1034724,"https://www.google.com/maps/?q=10.01115,77.47772"
Jabalpur,1030168,"https://www.google.com/maps/?q=23.16697,79.95006"
Haora,1027672,"https://www.google.com/maps/?q=22.57688,88.31857"
Aurangabad,1016441,"https://www.google.com/maps/?q=19.87757,75.34226"
Shivaji Nagar,1000000,"https://www.google.com/maps/?q=18.53017,73.85263"
Solapur,997281,"https://www.google.com/maps/?q=17.67152,75.91044"
Srinagar,975857,"https://www.google.com/maps/?q=34.08565,74.80555"
Chandigarh,960787,"https://www.google.com/maps/?q=30.73629,76.7884"
Coimbatore,959823,"https://www.google.com/maps/?q=11.00555,76.96612"
Jodhpur,921476,"https://www.google.com/maps/?q=26.26841,73.00594"
Madurai,909908,"https://www.google.com/maps/?q=9.91769,78.11898"
Guwahati,899094,"https://www.google.com/maps/?q=26.1844,91.7458"
Gwalior,882458,"https://www.google.com/maps/?q=26.22983,78.17337"
Vijayawada,874587,"https://www.google.com/maps/?q=16.50745,80.6466"
Mysore,868313,"https://www.google.com/maps/?q=12.29791,76.63925"
Ranchi,846454,"https://www.google.com/maps/?q=23.34316,85.3094"
Hubli,840214,"https://www.google.com/maps/?q=15.34776,75.13378"
Jalandhar,785178,"https://www.google.com/maps/?q=31.32556,75.57917"
Thiruvananthapuram,784153,"https://www.google.com/maps/?q=8.4855,76.94924"
Salem,778396,"https://www.google.com/maps/?q=11.65376,78.15538"
Tiruchirappalli,775484,"https://www.google.com/maps/?q=10.8155,78.69651"
Kota,763088,"https://www.google.com/maps/?q=25.18254,75.83907"
Bhubaneshwar,762243,"https://www.google.com/maps/?q=20.27241,85.83385"
Aligarh,753207,"https://www.google.com/maps/?q=27.88145,78.07464"
Bareilly,745435,"https://www.google.com/maps/?q=28.36678,79.43167"
Moradabad,721139,"https://www.google.com/maps/?q=28.83893,78.77684"
Bhiwandi,707035,"https://www.google.com/maps/?q=19.30023,73.05881"
Raipur,679995,"https://www.google.com/maps/?q=21.23333,81.63333"
Gorakhpur,674246,"https://www.google.com/maps/?q=26.76628,83.36889"
Bhilai,625138,"https://www.google.com/maps/?q=21.20919,81.4285"
Jamshedpur,616338,"https://www.google.com/maps/?q=22.80278,86.18545"
Borivli,609617,"https://www.google.com/maps/?q=19.23496,72.85976"
Cochin,604696,"https://www.google.com/maps/?q=9.93988,76.26022"
Amravati,603837,"https://www.google.com/maps/?q=20.93333,77.75"
Sangli,601214,"https://www.google.com/maps/?q=16.85438,74.56417"
Cuttack,580000,"https://www.google.com/maps/?q=20.46497,85.87927"
Bikaner,576015,"https://www.google.com/maps/?q=28.01762,73.31495"
Warangal,557802,"https://www.google.com/maps/?q=18,79.58333"
Bhavnagar,554978,"https://www.google.com/maps/?q=21.76287,72.15331"
Nanded,550564,"https://www.google.com/maps/?q=19.16023,77.31497"
Raurkela,536450,"https://www.google.com/maps/?q=22.22496,84.86414"
Guntur,530577,"https://www.google.com/maps/?q=16.29974,80.45729"
Dehra Dun,522081,"https://www.google.com/maps/?q=30.32443,78.03392"
Bhayandar,520301,"https://www.google.com/maps/?q=19.30157,72.85107"
Durgapur,518872,"https://www.google.com/maps/?q=23.51583,87.30801"
Ajmer,517911,"https://www.google.com/maps/?q=26.4521,74.63867"
Ulhasnagar,516584,"https://www.google.com/maps/?q=19.21667,73.15"
Kolhapur,516142,"https://www.google.com/maps/?q=16.69563,74.23167"
Shiliguri,515574,"https://www.google.com/maps/?q=26.71004,88.42851"
Bilimora,510879,"https://www.google.com/maps/?q=20.76957,72.96134"
Karol Bagh,505241,"https://www.google.com/maps/?q=28.65136,77.19072"
Asansol,504271,"https://www.google.com/maps/?q=23.68333,86.98333"
Jamnagar,492056,"https://www.google.com/maps/?q=22.47292,70.06673"
Saharanpur,484873,"https://www.google.com/maps/?q=29.9679,77.54522"
Gulbarga,483615,"https://www.google.com/maps/?q=17.33583,76.83757"
Bhatpara,483129,"https://www.google.com/maps/?q=22.86643,88.40113"
Jammu,465567,"https://www.google.com/maps/?q=32.73569,74.86911"
Kurnool,460184,"https://www.google.com/maps/?q=15.82887,78.03602"
Ujjain,457346,"https://www.google.com/maps/?q=23.18239,75.77643"
Ramgundam,452261,"https://www.google.com/maps/?q=18.80084,79.45206"
Shyamnagar,441956,"https://www.google.com/maps/?q=22.83333,88.36667"
Nangi,440894,"https://www.google.com/maps/?q=22.50833,88.21528"
Kozhikode,439922,"https://www.google.com/maps/?q=11.24802,75.7804"
Malegaon,435362,"https://www.google.com/maps/?q=20.54966,74.53462"
Davangere,435128,"https://www.google.com/maps/?q=14.46693,75.92694"
Jalgaon,429298,"https://www.google.com/maps/?q=21.00292,75.56602"
Akola,428857,"https://www.google.com/maps/?q=20.70957,76.9981"
Belgaum,428720,"https://www.google.com/maps/?q=15.85212,74.50447"
Gaya,423692,"https://www.google.com/maps/?q=24.79686,85.00385"
Udaipur,422784,"https://www.google.com/maps/?q=24.58584,73.71346"
Korba,419146,"https://www.google.com/maps/?q=22.3458,82.69633"
Bokaro,418533,"https://www.google.com/maps/?q=23.78707,85.95644"
Mangalore,417387,"https://www.google.com/maps/?q=12.91723,74.85603"
Jhansi,412927,"https://www.google.com/maps/?q=25.45887,78.57994"
Thoothukudi,410760,"https://www.google.com/maps/?q=8.76735,78.13425"
Nellore,404158,"https://www.google.com/maps/?q=14.44992,79.98697"
Tiruppur,397521,"https://www.google.com/maps/?q=11.11541,77.35456"
Kollam,394163,"https://www.google.com/maps/?q=8.88113,76.58469"
Panihati,378705,"https://www.google.com/maps/?q=22.69089,88.37404"
Ahmadnagar,367140,"https://www.google.com/maps/?q=19.09457,74.73843"
Dhulia,366980,"https://www.google.com/maps/?q=20.9013,74.77737"
Bhagalpur,361548,"https://www.google.com/maps/?q=25.24446,86.97183"
Punasa,350000,"https://www.google.com/maps/?q=22.23507,76.39335"
Muzaffarnagar,349706,"https://www.google.com/maps/?q=29.47091,77.70332"
Latur,348967,"https://www.google.com/maps/?q=18.39721,76.56784"
Kukatpalli,341709,"https://www.google.com/maps/?q=17.48486,78.41376"
Ambattur,341049,"https://www.google.com/maps/?q=13.09818,80.16152"
Bellary,336681,"https://www.google.com/maps/?q=15.14205,76.92398"
Muzaffarpur,333200,"https://www.google.com/maps/?q=26.12259,85.39055"
Kamarhati,332965,"https://www.google.com/maps/?q=22.67111,88.37472"
Mathura,330511,"https://www.google.com/maps/?q=27.5035,77.67215"
Patiala,329224,"https://www.google.com/maps/?q=30.33625,76.3922"
Chanda,328351,"https://www.google.com/maps/?q=19.95076,79.29523"
Bhilwara,326431,"https://www.google.com/maps/?q=25.34707,74.64081"
Trichur,325110,"https://www.google.com/maps/?q=10.51667,76.21667"
Brahmapur,324726,"https://www.google.com/maps/?q=19.31151,84.7929"
Shahjanpur,320434,"https://www.google.com/maps/?q=27.88165,79.90918"
Shimoga,319550,"https://www.google.com/maps/?q=13.93157,75.56791"
New Delhi,317797,"https://www.google.com/maps/?q=28.63576,77.22445"
Rohtak,317245,"https://www.google.com/maps/?q=28.89447,76.58917"
Tumkur,307359,"https://www.google.com/maps/?q=13.34136,77.1022"
Firozabad,306409,"https://www.google.com/maps/?q=27.15092,78.39781"
Nizamabad,305438,"https://www.google.com/maps/?q=18.67154,78.0988"
Kulti,305405,"https://www.google.com/maps/?q=23.73166,86.84372"
Rajahmundry,304804,"https://www.google.com/maps/?q=17.00517,81.77784"
Barddhaman,301725,"https://www.google.com/maps/?q=23.25572,87.85691"
Barasat,298127,"https://www.google.com/maps/?q=22.72154,88.48198"
Bali,296973,"https://www.google.com/maps/?q=22.64859,88.34115"
Hisar,296436,"https://www.google.com/maps/?q=29.15394,75.72294"
Rampur,296418,"https://www.google.com/maps/?q=28.81014,79.02699"
Noida,293908,"https://www.google.com/maps/?q=28.58,77.33"
Greater Noida,293908,"https://www.google.com/maps/?q=28.49615,77.53601"
Kakinada,292923,"https://www.google.com/maps/?q=16.96036,82.23809"
Panipat,292808,"https://www.google.com/maps/?q=29.38747,76.96825"
Parbhani,289629,"https://www.google.com/maps/?q=19.26855,76.77081"
Darbhanga,287150,"https://www.google.com/maps/?q=26.15216,85.89707"
Alwar,283228,"https://www.google.com/maps/?q=27.56246,76.625"
Bilaspur,282705,"https://www.google.com/maps/?q=22.08005,82.15543"
Ichalkaranji,274383,"https://www.google.com/maps/?q=16.69117,74.46054"
Bijapur,271064,"https://www.google.com/maps/?q=16.82442,75.71537"
Aizawl,265331,"https://www.google.com/maps/?q=23.72894,92.71791"
Jalna,262034,"https://www.google.com/maps/?q=19.84102,75.88636"
Lal Bahadur Nagar,261987,"https://www.google.com/maps/?q=17.34769,78.55757"
Dewas,261218,"https://www.google.com/maps/?q=22.96585,76.05526"
Baranagar,260072,"https://www.google.com/maps/?q=22.64132,88.37727"
Gajuwaka,258944,"https://www.google.com/maps/?q=17.7,83.21667"
Satna,257778,"https://www.google.com/maps/?q=24.57726,80.82719"
Etawah,257448,"https://www.google.com/maps/?q=26.77615,79.02133"
Durg,255283,"https://www.google.com/maps/?q=21.19147,81.27619"
Naihati,253221,"https://www.google.com/maps/?q=22.89396,88.41521"
Tirupati,250821,"https://www.google.com/maps/?q=13.63551,79.41989"
Sonipat,250521,"https://www.google.com/maps/?q=28.99478,77.01937"
Avadi,250044,"https://www.google.com/maps/?q=13.1147,80.10981"
Tiruvottiyur,248059,"https://www.google.com/maps/?q=13.15823,80.30181"
Saugor,247333,"https://www.google.com/maps/?q=23.83877,78.73874"
Mau,246050,"https://www.google.com/maps/?q=25.94167,83.56111"
Bihar Sharif,244230,"https://www.google.com/maps/?q=25.20084,85.52389"
Hapur,242920,"https://www.google.com/maps/?q=28.72985,77.78068"
Bathinda,242800,"https://www.google.com/maps/?q=30.20747,74.93893"
Farrukhabad,241152,"https://www.google.com/maps/?q=27.39134,79.5793"
Anantapur,240442,"https://www.google.com/maps/?q=14.67784,77.60813"
Barasat,237783,"https://www.google.com/maps/?q=22.22516,88.45086"
Ratlam,236843,"https://www.google.com/maps/?q=23.33033,75.04032"
Ramagundam,235000,"https://www.google.com/maps/?q=18.755,79.474"
Ganganagar,231838,"https://www.google.com/maps/?q=29.92009,73.87496"
Bharatpur,229384,"https://www.google.com/maps/?q=27.21731,77.49009"
Karimnagar,228745,"https://www.google.com/maps/?q=18.43915,79.12856"
Puducherry,227411,"https://www.google.com/maps/?q=11.93381,79.82979"
Shrirampur,226317,"https://www.google.com/maps/?q=22.75278,88.34222"
Raichur,225962,"https://www.google.com/maps/?q=16.20546,77.35567"
Quthbullapur,225816,"https://www.google.com/maps/?q=17.50107,78.45818"
Karnal,225049,"https://www.google.com/maps/?q=29.69197,76.98448"
Arrah,223676,"https://www.google.com/maps/?q=25.55629,84.66335"
Imphal,223523,"https://www.google.com/maps/?q=24.80805,93.9442"
Gosaba,222764,"https://www.google.com/maps/?q=22.16547,88.8007"
Mirzapur,220029,"https://www.google.com/maps/?q=25.1449,82.56534"
Kharagpur,219665,"https://www.google.com/maps/?q=22.33971,87.32501"
Dhanbad,219636,"https://www.google.com/maps/?q=23.80199,86.44324"
Tanjore,219571,"https://www.google.com/maps/?q=10.78523,79.13909"
Amarnath,217780,"https://www.google.com/maps/?q=19.2,73.16667"
Nagercoil,213858,"https://www.google.com/maps/?q=8.17899,77.43227"
Pali,210103,"https://www.google.com/maps/?q=25.77276,73.32335"
Yamunanagar,208931,"https://www.google.com/maps/?q=30.12796,77.28371"
Rewa,208461,"https://www.google.com/maps/?q=24.53256,81.29234"
Secunderabad,204182,"https://www.google.com/maps/?q=17.50427,78.54263"
Bidar,204071,"https://www.google.com/maps/?q=17.91331,77.53011"
Agartala,203264,"https://www.google.com/maps/?q=23.83605,91.27939"
Monghyr,203163,"https://www.google.com/maps/?q=25.37459,86.47455"
Burhanpur,202695,"https://www.google.com/maps/?q=21.30868,76.23026"
Nadiad,202067,"https://www.google.com/maps/?q=22.69385,72.86157"
Chapra,201597,"https://www.google.com/maps/?q=25.78031,84.74709"
Dindigul,200797,"https://www.google.com/maps/?q=10.36896,77.98036"
Panchkula,200000,"https://www.google.com/maps/?q=30.69461,76.8504"
Sikar,199932,"https://www.google.com/maps/?q=27.61206,75.13996"
Bulandshahr,198612,"https://www.google.com/maps/?q=28.40392,77.85773"
Purnia,198453,"https://www.google.com/maps/?q=25.77895,87.47422"
Hospet,197846,"https://www.google.com/maps/?q=15.26954,76.3871"
Gurgaon,197340,"https://www.google.com/maps/?q=28.4601,77.02635"
Sambhal,196109,"https://www.google.com/maps/?q=28.58498,78.56959"
Gandhinagar,195985,"https://www.google.com/maps/?q=23.21667,72.68333"
Murwara,195856,"https://www.google.com/maps/?q=23.83776,80.39405"
Nangloi Jat,194363,"https://www.google.com/maps/?q=28.67957,77.06799"
Machilipatnam,192827,"https://www.google.com/maps/?q=16.18747,81.13888"
Katihar,192555,"https://www.google.com/maps/?q=25.53852,87.57044"
Bhiwani,190855,"https://www.google.com/maps/?q=28.79304,76.13968"
Kultali,187942,"https://www.google.com/maps/?q=21.9,88.4"
Raebareli,186433,"https://www.google.com/maps/?q=26.2309,81.23315"
Haridwar,186079,"https://www.google.com/maps/?q=29.94791,78.16025"
Singrauli,185580,"https://www.google.com/maps/?q=24.19973,82.67535"
Junagadh,184447,"https://www.google.com/maps/?q=21.51966,70.45981"
Sujangarh,183808,"https://www.google.com/maps/?q=27.7,74.46667"
Ellore,183387,"https://www.google.com/maps/?q=16.71311,81.10437"
Bhusaval,183001,"https://www.google.com/maps/?q=21.04365,75.78506"
Khandwa,182841,"https://www.google.com/maps/?q=21.82427,76.35086"
Bahraigh,182218,"https://www.google.com/maps/?q=27.57429,81.59474"
Sirsa,181639,"https://www.google.com/maps/?q=29.53489,75.02898"
Chandannagar,180623,"https://www.google.com/maps/?q=22.86225,88.36796"
Baharampur,180547,"https://www.google.com/maps/?q=24.10473,88.25155"
Surendranagar,179628,"https://www.google.com/maps/?q=22.72706,71.64856"
Vizianagaram,179358,"https://www.google.com/maps/?q=18.11692,83.41148"
Proddatur,177797,"https://www.google.com/maps/?q=14.7502,78.54813"
Vellore,177081,"https://www.google.com/maps/?q=12.9184,79.13255"
Hugli,177005,"https://www.google.com/maps/?q=22.90877,88.39674"
Alleppey,176783,"https://www.google.com/maps/?q=9.49004,76.3264"
Amroha,176253,"https://www.google.com/maps/?q=28.90314,78.46984"
Tambaram,174787,"https://www.google.com/maps/?q=12.9246,80.12707"
Pathankot,174306,"https://www.google.com/maps/?q=32.27484,75.65287"
Bhind,174035,"https://www.google.com/maps/?q=26.56671,78.78728"
Shimla,173503,"https://www.google.com/maps/?q=31.10442,77.16662"
Ongole,172872,"https://www.google.com/maps/?q=15.50357,80.04454"
Gadag-Betageri,172813,"https://www.google.com/maps/?q=15.4167,75.6167"
Puri,170841,"https://www.google.com/maps/?q=19.79825,85.82494"
Haldia,170695,"https://www.google.com/maps/?q=22.06046,88.10975"
Khammam,170503,"https://www.google.com/maps/?q=17.24767,80.14368"
Raiganj,170252,"https://www.google.com/maps/?q=25.61281,88.12449"
Ingraj Bazar,170039,"https://www.google.com/maps/?q=25.00447,88.14573"
Jaunpur,169572,"https://www.google.com/maps/?q=25.75356,82.68689"
Fatehpur,166480,"https://www.google.com/maps/?q=25.92774,80.81266"
Gandhidham,166388,"https://www.google.com/maps/?q=23.08333,70.13333"
Nandyal,165337,"https://www.google.com/maps/?q=15.47799,78.4836"
Udupi,165000,"https://www.google.com/maps/?q=13.33467,74.74617"
Loni,164810,"https://www.google.com/maps/?q=28.75143,77.29023"
Sitapur,164435,"https://www.google.com/maps/?q=27.56192,80.68265"
Shivpuri,164215,"https://www.google.com/maps/?q=25.42378,77.66223"
Bhadravati,163903,"https://www.google.com/maps/?q=13.84846,75.70502"
Adoni,163631,"https://www.google.com/maps/?q=15.62788,77.27495"
Veraval,163326,"https://www.google.com/maps/?q=20.9077,70.36786"
Sambalpur,162887,"https://www.google.com/maps/?q=21.46527,83.97573"
Gadag,162569,"https://www.google.com/maps/?q=15.42977,75.62971"
Unnao,161671,"https://www.google.com/maps/?q=26.54706,80.48781"
Budaun,161555,"https://www.google.com/maps/?q=28.03811,79.12668"
Jind,161260,"https://www.google.com/maps/?q=29.31577,76.31502"
Madhyamgram,161126,"https://www.google.com/maps/?q=22.68944,88.44594"
Jamuria,160242,"https://www.google.com/maps/?q=23.70468,87.07872"
Jaigaon,158664,"https://www.google.com/maps/?q=26.84766,89.37558"
Cuddalore,158569,"https://www.google.com/maps/?q=11.75617,79.76693"
Orai,158265,"https://www.google.com/maps/?q=25.99023,79.45334"
Hoshiarpur,158142,"https://www.google.com/maps/?q=31.53723,75.91269"
Pallavaram,157145,"https://www.google.com/maps/?q=12.96796,80.15025"
Hanumangarh,155687,"https://www.google.com/maps/?q=29.58182,74.32938"
Kanchipuram,155029,"https://www.google.com/maps/?q=12.83515,79.70006"
Alandur,153775,"https://www.google.com/maps/?q=13.0025,80.20611"
Guna,153689,"https://www.google.com/maps/?q=24.64691,77.3113"
Bahadurgarh,153613,"https://www.google.com/maps/?q=28.69287,76.93555"
Bharuch,153528,"https://www.google.com/maps/?q=21.69482,72.9805"
Medinipur,153349,"https://www.google.com/maps/?q=22.42114,87.32257"
Fyzabad,153047,"https://www.google.com/maps/?q=26.77549,82.15018"
Dinapore,152940,"https://www.google.com/maps/?q=25.63705,85.04794"
Silchar,152393,"https://www.google.com/maps/?q=24.82733,92.79787"
Banda,152218,"https://www.google.com/maps/?q=25.47758,80.33491"
Morena,152004,"https://www.google.com/maps/?q=26.49892,77.99534"
Tonk,151331,"https://www.google.com/maps/?q=26.16638,75.78824"
Raj-Nandgaon,150755,"https://www.google.com/maps/?q=21.09687,81.0289"
Serilingampalle,150525,"https://www.google.com/maps/?q=17.49313,78.30196"
Virar,150357,"https://www.google.com/maps/?q=19.45591,72.81136"
Malkajgiri,150000,"https://www.google.com/maps/?q=17.44781,78.52633"
Shantipur,149983,"https://www.google.com/maps/?q=23.24723,88.43302"
Barakpur,148174,"https://www.google.com/maps/?q=22.76602,88.36336"
Erode,147270,"https://www.google.com/maps/?q=11.3428,77.72741"
Ambala,146787,"https://www.google.com/maps/?q=30.36099,76.79782"
Krishnanagar,145926,"https://www.google.com/maps/?q=23.40576,88.49073"
Saharsa,145764,"https://www.google.com/maps/?q=25.87498,86.59611"
Batala,145468,"https://www.google.com/maps/?q=31.80921,75.20294"
Bhimavaram,142967,"https://www.google.com/maps/?q=16.54078,81.52322"
Balurghat,141404,"https://www.google.com/maps/?q=25.22099,88.77732"
Kaithal,140604,"https://www.google.com/maps/?q=29.80153,76.39959"
Lakhimpur,140223,"https://www.google.com/maps/?q=27.94822,80.77935"
Hazaribagh,140063,"https://www.google.com/maps/?q=23.99241,85.36162"
Vidisha,140045,"https://www.google.com/maps/?q=23.52604,77.81092"
Haldwani,139497,"https://www.google.com/maps/?q=29.22254,79.5286"
Habra,139297,"https://www.google.com/maps/?q=22.84202,88.65606"
Kumbakonam,139264,"https://www.google.com/maps/?q=10.96209,79.39124"
Porbandar,138872,"https://www.google.com/maps/?q=21.64219,69.60929"
Chitradurga,138587,"https://www.google.com/maps/?q=14.22262,76.40038"
Thanesar,138279,"https://www.google.com/maps/?q=29.97323,76.83214"
Tiruvannamalai,138243,"https://www.google.com/maps/?q=12.22662,79.07461"
Anand,138009,"https://www.google.com/maps/?q=22.55251,72.9552"
Kanchrapara,136954,"https://www.google.com/maps/?q=22.95998,88.42849"
Mahbubnagar,136135,"https://www.google.com/maps/?q=16.74385,77.98597"
Dimapur,135860,"https://www.google.com/maps/?q=25.91174,93.7217"
Robertsonpet,135218,"https://www.google.com/maps/?q=12.95629,78.27539"
Chhindwara,134847,"https://www.google.com/maps/?q=22.05697,78.93958"
Mandya,134845,"https://www.google.com/maps/?q=12.5223,76.89746"
Bankura,133966,"https://www.google.com/maps/?q=23.23241,87.0716"
Hajipur,133606,"https://www.google.com/maps/?q=25.68544,85.20981"
Gonda City,133583,"https://www.google.com/maps/?q=27.13181,81.95332"
Bhuj,133459,"https://www.google.com/maps/?q=23.25397,69.66928"
Hindupur,133298,"https://www.google.com/maps/?q=13.82807,77.49143"
Shillong,132842,"https://www.google.com/maps/?q=25.56892,91.88313"
Palghat,132728,"https://www.google.com/maps/?q=10.77319,76.65366"
Godhra,131913,"https://www.google.com/maps/?q=22.77547,73.61488"
Kishangarh,131749,"https://www.google.com/maps/?q=26.59006,74.85397"
Raniganj,131261,"https://www.google.com/maps/?q=23.6164,87.13061"
Pilibhit,131008,"https://www.google.com/maps/?q=28.63124,79.80436"
Beawar,130777,"https://www.google.com/maps/?q=26.10119,74.32028"
Abohar,130603,"https://www.google.com/maps/?q=30.14453,74.19552"
Moga,130549,"https://www.google.com/maps/?q=30.81383,75.16878"
Dehri,129938,"https://www.google.com/maps/?q=24.90247,84.18217"
Deoria,129570,"https://www.google.com/maps/?q=26.50167,83.77936"
Hassan,128531,"https://www.google.com/maps/?q=13.00715,76.0962"
Khardah,128346,"https://www.google.com/maps/?q=22.71861,88.37806"
Yavatmal,128175,"https://www.google.com/maps/?q=20.39324,78.13201"
Halisahar,128172,"https://www.google.com/maps/?q=22.93218,88.41859"
Panvel,128046,"https://www.google.com/maps/?q=18.98878,73.11013"
Titagarh,127751,"https://www.google.com/maps/?q=22.74252,88.37326"
Cuddapah,127010,"https://www.google.com/maps/?q=14.47995,78.82346"
Bettiah,127008,"https://www.google.com/maps/?q=26.80229,84.50311"
Hathras,126882,"https://www.google.com/maps/?q=27.59551,78.05201"
Lalitpur,126475,"https://www.google.com/maps/?q=24.69007,78.41915"
Kolar,126441,"https://www.google.com/maps/?q=13.13768,78.12999"
Mandsaur,124988,"https://www.google.com/maps/?q=24.07184,75.06986"
Gondia,124897,"https://www.google.com/maps/?q=21.46026,80.19205"
Rajapalaiyam,124168,"https://www.google.com/maps/?q=9.45296,77.55335"
Darjiling,123797,"https://www.google.com/maps/?q=27.03333,88.26667"
Mohali,123484,"https://www.google.com/maps/?q=30.67995,76.72211"
Palanpur,123294,"https://www.google.com/maps/?q=24.17128,72.43827"
Dam Dam,122719,"https://www.google.com/maps/?q=22.63341,88.42286"
Hardoi,122635,"https://www.google.com/maps/?q=27.39491,80.13165"
Puruliya,122533,"https://www.google.com/maps/?q=23.33062,86.36303"
Dibrugarh,122155,"https://www.google.com/maps/?q=27.47989,94.90837"
Palwal,121965,"https://www.google.com/maps/?q=28.14469,77.32546"
Nalgonda,121826,"https://www.google.com/maps/?q=17.05439,79.26707"
Bhadreswar,121662,"https://www.google.com/maps/?q=22.82449,88.33841"
Vejalpur,121610,"https://www.google.com/maps/?q=22.69021,73.56299"
Chikmagalur,121484,"https://www.google.com/maps/?q=13.32231,75.774"
Raigarh,121278,"https://www.google.com/maps/?q=21.89764,83.3966"
Guntakal Junction,120964,"https://www.google.com/maps/?q=15.17112,77.36244"
Gangapur,120115,"https://www.google.com/maps/?q=26.47249,76.71744"
Deoli,120000,"https://www.google.com/maps/?q=28.50254,77.23117"
Siwan,119181,"https://www.google.com/maps/?q=26.22096,84.35609"
Damoh,118776,"https://www.google.com/maps/?q=23.83312,79.4419"
Adilabad,118526,"https://www.google.com/maps/?q=19.67203,78.5359"
Chicacole,118299,"https://www.google.com/maps/?q=18.2989,83.89751"
Uppal Kalan,118259,"https://www.google.com/maps/?q=17.40577,78.55911"
Jetpur,118068,"https://www.google.com/maps/?q=21.75482,70.62347"
Morbi,118022,"https://www.google.com/maps/?q=22.81731,70.8377"
Patan,117863,"https://www.google.com/maps/?q=23.8507,72.12963"
Khanna,117137,"https://www.google.com/maps/?q=30.70547,76.22196"
Botad,117053,"https://www.google.com/maps/?q=22.16917,71.66671"
Rishra,117014,"https://www.google.com/maps/?q=22.72394,88.34563"
Azamgarh,116644,"https://www.google.com/maps/?q=26.06832,83.18358"
Yelahanka,116447,"https://www.google.com/maps/?q=13.10073,77.59632"
Gudivada,116161,"https://www.google.com/maps/?q=16.43547,80.99555"
Baidyabati,115504,"https://www.google.com/maps/?q=22.78498,88.32586"
Basti,115115,"https://www.google.com/maps/?q=26.78817,82.71617"
Balasore,114321,"https://www.google.com/maps/?q=21.49266,86.93348"
Dharmavaram,114050,"https://www.google.com/maps/?q=14.41435,77.72035"
Maler Kotla,113840,"https://www.google.com/maps/?q=30.5309,75.87949"
Wardha,113759,"https://www.google.com/maps/?q=20.73933,78.59784"
Jhunjhunun,113193,"https://www.google.com/maps/?q=28.12559,75.39797"
Satara,112793,"https://www.google.com/maps/?q=17.68589,73.99333"
Chanduasi,112635,"https://www.google.com/maps/?q=28.45178,78.78277"
Mothihari,112144,"https://www.google.com/maps/?q=26.64862,84.91656"
Chas,112141,"https://www.google.com/maps/?q=23.63556,86.16712"
Pudukkottai,112118,"https://www.google.com/maps/?q=10.38128,78.82141"
Rewari,112079,"https://www.google.com/maps/?q=28.199,76.6183"
Port Blair,112050,"https://www.google.com/maps/?q=11.66613,92.74635"
Suriapet,111729,"https://www.google.com/maps/?q=17.14054,79.62045"
Bangaon,111693,"https://www.google.com/maps/?q=23.04553,88.83084"
Chhatarpur,111594,"https://www.google.com/maps/?q=24.9177,79.58871"
Ashoknagar Kalyangarh,111475,"https://www.google.com/maps/?q=22.86416,88.63701"
Achalpur,111278,"https://www.google.com/maps/?q=21.25665,77.51006"
Navadwip,111123,"https://www.google.com/maps/?q=23.4067,88.36861"
Barsi,110983,"https://www.google.com/maps/?q=18.23454,75.69275"
